komentar,sentimen
Alhamdulillah ceramahnya sangat bermanfaat dan menyejukkan hati,positif
Materi fiqih kali ini sangat mencerahkan dan mudah dipahami,positif
Terima kasih banyak ustadz atas ilmu yang sangat berharga ini,positif
Penyampaian dakwahnya sangat santun penuh hikmah dan keteladanan,positif
Semoga Allah senantiasa melimpahkan berkah dan kesehatan untuk ustadz,positif
Kajian terbaik yang pernah saya simak pembahasannya sangat mendalam,positif
Penjelasannya sangat jelas langsung mengena pada persoalan sehari-hari,positif
Sangat menginspirasi semoga kita semua istiqomah dalam kebaikan,positif
Kajian rutin yang selalu saya tunggu-tunggu pembawaannya tenang,positif
Masya Allah penyampaian dalilnya sangat kuat dan terstruktur,positif
Sangat bersyukur bisa menyimak kajian ini menambah kecintaan pada sunnah,positif
Ilmu yang sangat aplikatif untuk diterapkan dalam mendidik anak di rumah,positif
Ustadz mampu merangkum tema yang rumit menjadi sangat sederhana,positif
Bahasanya mudah dicerna untuk orang awam seperti saya berkah selalu,positif
Nasihatnya menyentuh sanubari mengingatkan kembali tentang tujuan hidup,positif
Konten dakwah yang sangat berkualitas patut disebarluaskan ke jamaah,positif
Jazakallah khairan ustadz paparannya membuka wawasan keislaman saya,positif
Sangat suka dengan analogi praktis yang dipakai ustadz dalam ceramah,positif
Penjelasan mengenai adab dan akhlak ini sangat relevan untuk zaman modern,positif
Kajian yang sangat menenangkan di tengah kesibukan duniawi,positif
Alhamdulillah setiap mendengarkan kajian ustadz hati terasa damai,positif
Penjelasan kitab kuningnya sangat bernas dan penuh rujukan muktabar,positif
Subhanallah tausiyah yang sarat dengan pesan moral dan nilai luhur,positif
Penyampaian tausiyahnya sangat bersahabat tidak menghakimi jamaah,positif
Semoga majelis ilmu ini terus berkembang dan menebar kebaikan luas,positif
Apakah kajian berikutnya akan diadakan secara luring atau daring,netral
Mohon info judul kitab rujukan yang digunakan pada kajian malam ini,netral
Kapan jadwal halaqah tafsir pekan depan dimulai ustadz,netral
Berapa lama durasi rekaman video kajian ini secara keseluruhan,netral
Apakah materi salindia presentasi ini bisa diunduh oleh jamaah,netral
Dimana lokasi masjid tempat kajian rutin ini diselenggarakan,netral
Mohon izin bertanya nomor kontak panitia kajian untuk konfirmasi hadir,netral
Apakah ada siaran ulang di platform podcast atau audio streaming,netral
Pada menit ke berapa tadi pembahasan tentang hukum jual beli online,netral
Apakah kajian ini terbuka untuk umum atau khusus santri internal,netral
Apakah tersedia tautan pendaftaran untuk menghadiri seminar sabtu besok,netral
Kajian hari ini dimulai tepat pukul berapa ustadz mohon konfirmasi,netral
Kitab hadis apa yang akan dibahas pada pertemuan bulan depan,netral
Apakah ada grup telegram resmi untuk informasi jadwal pengajian,netral
Mohon informasi apakah kajian ini masuk dalam silabus kurikulum pondok,netral
Siapa nama narasumber tamu yang mendampingi ustadz pada sesi tadi,netral
Berapa nomor rekening panitia pengadaan wakaf mushaf pesantren,netral
Apakah pembahasan tema ini akan dilanjutkan pada bab berikutnya pekan depan,netral
Tolong sematkan tautan kuesioner evaluasi acara di kolom deskripsi video,netral
Apakah sesi tanya jawab dibuka untuk jamaah yang menyimak secara live,netral
Buku rujukan ustadz tadi bisa dibeli di toko kitab mana ya,netral
Kajian ini direkam pada hari apa dan tanggal berapa panitia,netral
Apakah kajian hadis arbain ini diadakan setiap hari selasa pagi,netral
Bagaimana cara mengajukan pertanyaan tertulis untuk sesi pekan depan,netral
Berapa kapasitas ruangan aula untuk jamaah yang ingin hadir langsung,netral
Ceramahnya sangat membosankan dan durasinya terlalu panjang,negatif
Materi yang disampaikan melenceng jauh dari judul tema yang diumumkan,negatif
Kualitas audionya sangat buruk berdengung dan suara ustadz tidak jelas,negatif
Penyampaian ceramahnya terlalu kasar dan sering menyindir kelompok lain,negatif
Saya sangat kecewa materinya terlalu dangkal dan tidak berbobot,negatif
Terlalu banyak iklan dan basa-basi pembahasan intinya sangat sedikit,negatif
Ustadz terlalu emosional dalam menyampaikan materi kajian kali ini,negatif
Penjelasannya sangat membingungkan tidak ada kesimpulan yang runtut,negatif
Kajiannya membosankan isinya hanya menyalahkan pandangan orang lain,negatif
Videonya patah-patah dan pencahayaan studio sangat gelap tidak nyaman,negatif
Materinya tidak relevan sama sekali dengan problematika umat masa kini,negatif
Penyampaiannya berbelit-belit membuat jamaah mengantuk dan jenuh,negatif
Argumen yang disampaikan sangat lemah dan kurang didukung rujukan kuat,negatif
Sangat disayangkan kajian ini memicu kegaduhan dan perdebatan kusir,negatif
Retorikanya provokatif dan cenderung menyudutkan madzhab tertentu,negatif
Penjelasannya terburu-buru seperti mengejar waktu tanpa elaborasi,negatif
Moderator tidak mampu mengatur sesi tanya jawab acaranya jadi kacau,negatif
Isi ceramahnya terlalu teoritis dan mustahil diterapkan dalam praktek,negatif
Kritik ustadz terhadap ormas lain sangat tidak pantas dan niradab,negatif
Saya tidak setuju dengan fatwa yang disampaikan tanpa dasar dalil shahih,negatif
Penyampaian ustadz kali ini terasa monoton dan kurang persiapan matang,negatif
Mikrofon ustadz kresek-kresek sangat mengganggu kenyamanan menyimak,negatif
Kajian ini tidak mendidik malah memperkeruh ukhuwah antar jamaah,negatif
Materi disampaikan dengan nada tinggi membuat suasana terasa tegang,negatif
Sangat mengecewakan tidak ada hal baru yang bisa dipelajari dari video ini,negatif
